City_ID,City,Lat,Lng,Max Temp,Humidity,Cloudiness,Wind Speed,Country,Date
0,boromo,11.75,-2.9333,31.75,56,62,2.81,BF,1728658530
1,hermanus,-34.4187,19.2345,19.89,75,83,3.63,ZA,1728658454
2,lebu,-37.6167,-73.65,12.08,87,100,3.27,CL,1728658532
3,nambucca heads,-30.65,153.0,15.75,87,41,2.2,AU,1728658533
4,gitega,-3.5,29.95,19.14,77,86,3.23,BI,1728658535
5,bopolu,7.0667,-10.4875,24.31,95,100,3.12,LR,1728658536
6,avarua,-21.2078,-159.775,22.03,68,5,4.12,CK,1728658537
7,port-aux-francais,-49.35,70.2167,-0.02,88,97,25.21,TF,1728658538
8,sola,-13.8833,167.55,26.09,79,99,9.29,VU,1728658539
9,sitka,57.0531,-135.33,7.94,87,100,2.57,US,1728658540
10,grytviken,-54.2811,-36.5092,2.18,83,15,3.9,GS,1728658541
11,college,64.8569,-147.8028,-0.06,87,75,0.0,US,1728658543
12,takanosu,40.2219,140.3694,9.66,91,0,1.13,JP,1728658544
13,adamstown,-25.066,-130.1015,20.96,88,22,6.28,PN,1728658545
14,edinburgh of the seven seas,-37.0676,-12.3116,10.04,66,69,11.77,SH,1728658546
15,yellowknife,62.456,-114.3525,-0.33,100,100,1.03,CA,1728658547
16,arteche,12.2645,125.4048,26.07,88,100,0.67,PH,1728658548
17,port augusta,-32.5,137.7667,13.98,61,100,3.82,AU,1728658550
18,hamilton,39.1834,-84.5333,16.62,68,0,1.54,US,1728657876
19,kano,12.0001,8.5167,36.23,24,5,4.48,NG,1728658552
20,talnakh,69.4865,88.3972,-11.57,88,54,2.7,RU,1728658553
21,benguela,-12.5763,13.4055,26.4,72,21,4.73,AO,1728658554
22,port elizabeth,-33.918,25.5701,20.16,77,0,6.17,ZA,1728658555
23,stanley,54.868,-1.6985,11.4,61,20,8.75,GB,1728658556
24,camocim,-2.9022,-40.8411,32.46,51,74,7.87,BR,1728658557
25,santa elena,-2.2333,-80.85,22.75,83,100,4.12,EC,1728658559
26,ji'an,27.1172,114.9793,20.81,51,21,1.41,CN,1728658560
27,natal,-5.795,-35.2094,30.36,45,40,9.77,BR,1728658326
28,bambari,5.768,20.6757,26.44,82,68,2.21,CF,1728658562
29,westport,41.1415,-73.3579,14.9,66,0,1.79,US,1728658385
30,swakopmund,-22.6833,14.5333,17.21,78,48,4.02,NA,1728658564
31,albany,42.6001,-73.9662,12.57,69,2,1.79,US,1728658172
32,invercargill,-46.4,168.35,8.34,78,56,2.8,NZ,1728658566
33,bethel,41.3712,-73.414,14.1,66,0,3.09,US,1728658567
34,waitangi,-43.9535,-176.5597,8.23,79,100,0.45,NZ,1728658569
35,selfoss,63.9331,-20.9971,1.69,47,64,4.38,IS,1728658570
36,broken hill,-31.95,141.4333,15.57,34,100,6.11,AU,1728658571
37,lib,8.3122,167.3766,28.1,77,100,5.47,MH,1728658572
38,uturoa,-16.7333,-151.4333,25.51,73,31,6.4,PF,1728658573
39,georgetown,5.4112,100.3354,28.96,87,40,1.03,MY,1728658574
40,marovoay,-16.1,46.6333,32.36,28,0,3.9,MG,1728658575
41,fortuna,40.5982,-124.1573,8.51,100,0,2.57,US,1728658576
42,alo,6.5486,4.2686,27.82,74,30,4.62,NG,1728658578
43,varena,54.2167,24.5667,10.95,70,75,3.55,LT,1728658548
44,siocon,7.7061,122.1353,26.4,87,100,1.03,PH,1728658580
45,chibougamau,49.9168,-74.3659,6.79,93,100,3.6,CA,1728658581
46,chonchi,-42.6128,-73.8092,10.62,71,100,3.21,CL,1728658582
47,ujae,8.9322,165.7642,27.79,79,100,7.04,MH,1728658583
48,enewetak,11.3474,162.3373,28.79,76,95,7.28,MH,1728658584
49,smithers,54.7804,-127.1743,-0.82,100,100,1.03,CA,1728658586
50,smirnovo,54.5125,69.4222,-2.58,95,100,9.4,KZ,1728658587
51,kurchatov,51.6601,35.6521,16.79,63,1,3.51,RU,1728658588
52,kodiak,57.79,-152.4072,7.73,93,100,19.03,US,1728658589
53,northam,51.0333,-4.2167,12.01,73,40,2.08,GB,1728658590
54,luderitz,-26.6481,15.1594,19.82,57,0,6.68,NA,1728658591
55,alofi,-19.0595,-169.9187,22.94,94,99,2.57,NU,1728658592
56,bandon,51.7469,-8.7425,12.77,63,47,2.31,IE,1728658593
57,ribeira grande,38.5167,-28.7,20.43,56,40,6.17,PT,1728658595
58,talcahuano,-36.7167,-73.1167,12.82,94,100,4.12,CL,1728658596
59,port lincoln,-34.7333,135.8667,13.17,78,100,6.93,AU,1728658598
60,west island,-12.1568,96.8225,26.99,83,20,7.2,CC,1728658599
61,margaret river,-33.95,115.0667,15.12,86,100,5.36,AU,1728658600
62,kencong,-8.2833,113.3667,26.08,81,100,1.24,ID,1728658602
63,yuzhno-kurilsk,44.0306,145.8556,10.9,70,97,8.03,RU,1728658603
64,el galpon,-25.3807,-64.6526,26.02,41,0,2.34,AR,1728658604
65,opuwo,-18.0607,13.84,36.3,7,0,5.6,NA,1728658018
66,hithadhoo,-0.6,73.0833,27.79,78,38,6.16,MV,1728658351
67,ewo,-0.8725,14.8206,29.31,64,87,0.23,CG,1728658608
68,udachny,66.4167,112.4,-9.78,96,100,2.42,RU,1728658610
69,bilibino,68.0546,166.4372,-17.81,97,89,1.49,RU,1728658611
70,rockland,41.1668,-74.0496,14.95,64,2,4.38,US,1728658612
71,jalalaqsi,3.3766,45.5996,29.93,49,83,10.19,SO,1728658613
72,coahuayana de hidalgo,18.7,-103.6583,26.95,82,4,0.82,MX,1728658614
73,punta arenas,-53.15,-70.9167,7.06,65,75,8.75,CL,1728658615
74,kangding,30.0513,101.9603,9.49,98,95,1.8,CN,1728658616
75,warren,39.4334,-84.1666,16.22,66,0,1.54,US,1728658553
76,aasiaat,68.7098,-52.8699,-3.22,63,10,5.49,GL,1728658619
77,lihue,21.9789,-159.3672,23.77,94,75,2.06,US,1728658620
78,kalmunai,7.4167,81.8167,26.43,82,100,2.0,LK,1728658621
79,carnarvon,-24.8667,113.6333,21.19,85,0,8.54,AU,1728658622
80,sarikei,2.1167,111.5167,23.84,98,96,0.22,MY,1728658623
81,tamanrasset,22.785,5.5228,30.95,18,40,11.32,DZ,1728658624
82,port blair,11.6667,92.75,27.02,89,40,1.03,IN,1728658625
83,puerto natales,-51.7236,-72.4875,9.25,57,75,5.66,CL,1728658626
84,hassi messaoud,31.6804,6.0729,35.92,20,0,2.06,DZ,1728658628
85,bredasdorp,-34.5322,20.0403,21.22,53,50,4.14,ZA,1728658629
86,saint-francois,46.4154,3.9054,16.69,57,0,1.54,FR,1728658630
87,namibe,-15.1961,12.1522,22.98,76,18,5.52,AO,1728658631
88,dunay,42.8803,132.3375,13.76,92,14,2.87,RU,1728658633
89,tiksi,71.6872,128.8694,-8.72,93,100,2.66,RU,1728658634
90,iqaluit,63.7506,-68.5145,0.85,93,100,2.57,CA,1728658635
91,ginir,7.1333,40.7,16.1,82,70,3.09,ET,1728658554
92,port mathurin,-19.6833,63.4167,22.25,73,84,11.45,MU,1728658638
93,blackmans bay,-43.0167,147.3167,8.18,67,46,0.89,AU,1728658639
94,hasaki,35.7333,140.8333,20.68,69,100,3.82,JP,1728658640
95,palangkaraya,-2.2,113.8333,24.89,96,100,1.05,ID,1728658641
96,san luis de la loma,17.2706,-100.8939,26.52,79,39,0.77,MX,1728658642
97,ancud,-41.8697,-73.8203,8.36,84,100,5.97,CL,1728658560
98,rio grande,-32.035,-52.0986,19.51,92,100,2.55,BR,1728658644
99,olonkinbyen,70.9221,-8.7187,-2.95,90,100,17.62,SJ,1728658645
100,dolores,-36.3132,-57.6792,25.23,45,0,4.65,AR,1728658500
101,mata-utu,-13.2816,-176.1745,27.39,81,36,6.92,WF,1728658648
102,vorgashor,67.5833,63.95,-8.67,96,39,2.85,RU,1728658649
103,la'ie,21.6477,-157.9253,23.66,90,99,0.45,US,1728658650
104,kapuskasing,49.4169,-82.4331,11.05,93,100,2.57,CA,1728658651
105,whitehorse,60.7161,-135.0538,0.43,73,20,5.66,CA,1728658652
106,la manga del mar menor,37.6413,-0.7165,24.04,64,0,3.09,ES,1728658450
107,aykhal,66.0,111.5,-11.22,97,99,3.54,RU,1728658654
108,san patricio,28.017,-97.5169,22.97,50,0,2.89,US,1728658655
109,mount isa,-20.7333,139.5,17.87,42,0,1.03,AU,1728658656
110,puerto ayora,-0.7393,-90.3518,20.86,90,89,4.02,EC,1728658658
111,ulsteinvik,62.3432,5.8487,5.97,86,100,3.99,NO,1728658659
112,saynshand,44.8824,110.1163,10.17,47,0,1.84,MN,1728658660
113,gero,-8.7039,121.1881,22.67,93,100,1.97,ID,1728658661
114,arraial do cabo,-22.9661,-42.0278,22.92,88,100,10.8,BR,1728658662
115,portland,45.5234,-122.6762,13.26,83,40,4.02,US,1728658628
116,rongelap,11.1635,166.8941,27.61,78,99,6.96,MH,1728658664
117,cabo san lucas,22.8909,-109.9124,29.31,82,1,1.45,MX,1728658665
118,praya,14.9215,-23.5087,28.3,83,100,5.14,CV,1728658666
119,kavaratti,10.5669,72.642,25.77,90,100,7.55,IN,1728658668
120,badger,64.8,-147.5333,-2.07,92,100,0.0,US,1728658670
121,tolanaro,-25.0319,46.9987,25.04,73,40,10.8,MG,1728658671
122,illizi,26.4833,8.4667,38.78,13,9,4.08,DZ,1728658672
123,howrah,22.5892,88.3103,30.0,79,40,3.09,IN,1728658673
124,buzdyak,54.5833,54.55,0.21,58,39,7.02,RU,1728658674
125,gwadar,25.1216,62.3254,29.02,70,0,6.0,PK,1728658675
126,palikir - national government center,6.9248,158.1611,24.41,100,75,1.54,FM,1728658677
127,yanykurgan,43.915,67.2481,16.38,51,66,6.29,KZ,1728658678
128,luza,60.6308,47.2512,2.08,49,100,4.84,RU,1728658679
129,palmer,42.1584,-72.3287,14.73,53,2,0.45,US,1728658680
130,taro,-8.3862,115.28,19.98,100,100,0.06,ID,1728658681
131,nanao,37.05,136.9667,15.82,92,0,1.19,JP,1728658682
132,sant'angelo di piove di sacco,45.3481,12.0025,22.28,54,13,1.34,IT,1728658683
133,castillos,-34.1667,-53.8333,20.53,77,100,3.72,UY,1728658684
134,buala,-8.145,159.5921,26.11,83,100,1.26,SB,1728658686
135,ushuaia,-54.8,-68.3,6.81,65,40,3.09,AR,1728658687
136,kimbe,-5.5502,150.1429,24.49,93,89,2.0,PG,1728658688
137,machali,-34.1833,-70.6667,11.6,100,100,2.57,CL,1728658562
138,saipan,15.1355,145.701,27.39,89,20,2.57,MP,1728658690
139,dudinka,69.4058,86.1778,-8.65,94,97,1.29,RU,1728658640
140,karor,31.2274,70.9492,29.4,16,0,2.64,PK,1728658692
141,damghan,36.1683,54.348,24.59,13,6,2.47,IR,1728658695
142,bogale,16.2833,95.4,26.36,88,13,1.73,MM,1728658696
143,seosan,36.7817,126.4522,16.36,80,0,0.65,KR,1728658697
144,thompson,55.7435,-97.8558,0.09,100,20,2.06,CA,1728658460
145,nova sintra,14.8667,-24.7167,28.09,77,97,3.85,CV,1728658699
146,touros,-5.1989,-35.4608,29.3,55,100,7.74,BR,1728658649
147,remire-montjoly,4.9167,-52.2667,33.02,66,40,6.17,GF,1728658701
148,yemetsk,63.4721,41.7941,4.03,81,100,7.13,RU,1728658703
149,tura,25.5198,90.2201,22.67,90,0,1.42,IN,1728658704
150,yaren,-0.5472,166.916,28.31,70,12,6.3,NR,1728658705
151,lafiagi,8.8667,5.4167,31.59,64,60,1.72,NG,1728658520
152,maragogi,-9.0122,-35.2225,28.36,58,100,6.39,BR,1728658707
153,bolo,13.7899,120.9817,26.12,85,12,1.54,PH,1728658708
154,lompoc,34.6391,-120.4579,13.23,96,100,2.06,US,1728658709
155,yeniseysk,58.4497,92.1703,-4.33,77,18,1.38,RU,1728658555
156,anbyon-up,39.0425,127.5239,14.4,79,0,2.73,KP,1728658711
157,harrisonville,38.6533,-94.3488,20.69,52,0,1.54,US,1728658713
158,preobrazheniye,42.9019,133.9064,12.42,92,1,1.81,RU,1728658714
159,papatowai,-46.5619,169.4708,6.84,90,46,2.6,NZ,1728658716
160,kudahuvadhoo,2.6708,72.8944,27.38,77,95,9.9,MV,1728658717
161,soweto,-26.2678,27.8585,30.77,13,48,1.03,ZA,1728658718
162,camayenne,9.535,-13.6878,29.05,84,40,1.03,GN,1728658719
163,st. john's,47.5649,-52.7093,12.76,76,40,5.66,CA,1728658659
164,tucuma,-0.1833,-50.05,32.65,53,55,2.84,BR,1728658529
165,codrington,-38.2667,141.9667,8.92,79,3,3.5,AU,1728658723
166,holualoa,19.6228,-155.9522,24.37,56,0,2.06,US,1728658724
167,isafjordur,66.0755,-23.124,0.02,59,20,2.06,IS,1728658725
168,nkowakowa,-23.8878,30.2871,32.89,18,0,3.23,ZA,1728658510
169,winneba,5.3511,-0.6231,27.05,78,57,6.03,GH,1728658729
170,gbarnga,6.9956,-9.4722,24.6,96,100,1.66,LR,1728658730
171,tazovsky,67.4667,78.7,-2.45,90,100,4.87,RU,1728658731
172,undurkhaan,47.3194,110.6556,5.89,57,5,3.58,MN,1728658732
173,dong ha,16.8163,107.1003,23.72,92,50,1.31,VN,1728658473
174,tromso,69.6496,18.957,3.01,87,75,4.63,NO,1728658734
175,egilsstadir,65.2653,-14.3948,0.95,64,75,6.69,IS,1728658735
176,kaman,27.65,77.2667,29.47,24,21,1.36,IN,1728658736
177,nuku'alofa,-21.1333,-175.2,24.19,100,75,5.14,TO,1728658738
178,ca mau,9.1769,105.15,25.56,93,100,1.51,VN,1728658740
179,jamestown,42.097,-79.2353,13.9,73,0,4.12,US,1728658544
180,kone,-21.0595,164.8658,20.49,82,41,1.34,NC,1728658742
181,sarlat-la-caneda,44.889,1.2166,17.71,56,12,2.01,FR,1728658743
182,vila franca do campo,37.7167,-25.4333,21.23,99,91,7.1,PT,1728658744
183,sosnovo-ozerskoye,52.5249,111.5418,-5.28,74,6,2.31,RU,1728658745
184,hawaiian paradise park,19.5933,-154.9731,21.73,78,75,2.06,US,1728658747
185,mogoytuy,51.2833,114.9167,0.02,47,38,2.28,RU,1728658748
186,alotau,-10.3069,150.4462,23.98,95,100,1.55,PG,1728658749
187,sandnessjoen,66.0217,12.6316,6.06,70,75,8.23,NO,1728658750
188,al muwayh,22.4333,41.7583,30.47,25,6,10.15,SA,1728658752
189,la asuncion,11.0333,-63.8628,23.85,100,50,7.2,VE,1728658753
190,ardestan,33.3761,52.3694,26.65,13,0,2.46,IR,1728658754
191,manvel,29.4627,-95.358,26.13,73,0,0.89,US,1728658755
192,cavinti,14.2448,121.508,23.3,97,13,1.21,PH,1728658757
193,san rafael del sur,11.8485,-86.4384,25.99,87,100,1.58,NI,1728658758
194,isangel,-19.55,169.2667,21.84,73,80,5.23,VU,1728658759
195,bandarbeyla,9.4942,50.8122,26.48,76,34,10.66,SO,1728658761
196,san antonio de pale,-1.4014,5.6325,25.28,77,85,3.29,GQ,1728658762
197,raja,8.4596,25.678,27.27,77,87,0.83,SS,1728658764
198,amahai,-3.3333,128.9167,26.17,86,96,0.92,ID,1728658765
199,pinhao,-25.6956,-51.6597,17.22,98,100,5.43,BR,1728658766
200,bongouanou,6.6486,-4.1992,27.06,88,45,1.42,CI,1728658767
201,kedrovka,55.5333,86.05,-1.51,53,100,6.96,RU,1728658768
202,sault ste. marie,46.5168,-84.3333,11.16,100,20,2.57,CA,1728658572
203,praia,14.9215,-23.5087,28.3,83,100,5.14,CV,1728658772
204,anadyr,64.75,177.4833,-6.72,79,75,3.0,RU,1728658774
205,chernyakhovsk,54.6335,21.8156,11.86,58,100,4.56,RU,1728658555
206,san clemente,33.427,-117.612,23.09,67,4,1.22,US,1728658776
207,bodaybo,57.8506,114.1933,-2.93,86,95,0.28,RU,1728658777
208,as sulayyil,20.4607,45.5779,33.08,15,2,3.35,SA,1728658778
209,pithoro,25.5167,69.3833,32.14,29,7,5.36,PK,1728658780
210,nouadhibou,20.931,-17.0347,26.99,69,69,7.2,MR,1728658781
211,codajas,-3.8367,-62.0569,37.71,24,100,1.43,BR,1728658782
212,vadso,70.0744,29.7487,7.09,87,75,5.66,NO,1728658783
213,springfield,37.2153,-93.2982,21.23,61,40,5.14,US,1728658561
214,keflavik,64.0049,-22.5624,1.24,60,40,5.66,IS,1728658786
215,port alfred,-33.5906,26.891,20.1,76,83,2.24,ZA,1728658787
216,dalbandin,28.8947,64.4101,26.59,12,0,2.71,PK,1728658789
217,chui,-33.6971,-53.4616,19.88,85,99,3.62,UY,1728658790
218,miquelon,47.0975,-56.3814,11.51,70,67,11.92,PM,1728658791
219,fale old settlement,-9.3852,-171.2468,27.73,78,27,7.06,TK,1728658792
220,mincivan,39.0294,46.7185,18.15,84,100,1.67,AZ,1728658793
221,malone,44.8487,-74.2949,8.97,58,13,5.22,US,1728658794
222,ilulissat,69.2167,-51.1,-2.34,51,6,3.38,GL,1728658795
223,merizo village,13.2658,144.6691,26.1,93,66,0.42,GU,1728658797
224,vytegra,61.0064,36.4481,9.86,85,37,6.93,RU,1728658505
225,glendive,47.1053,-104.7125,3.79,93,0,2.57,US,1728658799
226,kijang,35.2442,129.2139,15.85,78,0,1.36,KR,1728658800
227,vernon,50.2581,-119.2691,3.02,82,100,1.34,CA,1728658801
228,constitucion,-35.3333,-72.4167,15.02,77,100,3.18,CL,1728658802
229,salinopolis,-0.6136,-47.3561,29.11,68,97,5.41,BR,1728658803
230,klyuchi,52.2667,79.1667,5.9,36,100,9.55,RU,1728658804
231,chernyshevskiy,63.0128,112.4714,-6.51,83,85,1.15,RU,1728658805
232,djibouti,11.5,42.5,29.59,45,5,4.79,DJ,1728658807
233,xique xique,-10.8217,-42.7311,32.28,40,60,4.44,BR,1728658808
234,bathsheba,13.2167,-59.5167,32.34,66,40,7.2,BB,1728658809
235,hadibu,12.65,54.0333,26.53,73,34,1.9,YE,1728658810
236,coquimbo,-29.9533,-71.3436,17.85,67,0,4.12,CL,1728658527
237,isparta,38.0,31.0,22.18,43,28,0.17,TR,1728658812
238,turmalina,-17.2856,-42.73,31.24,44,94,1.37,BR,1728658813
239,longyearbyen,78.2186,15.6401,4.91,75,75,12.35,SJ,1728658814
240,east london,-33.0153,27.9116,20.52,64,0,4.12,ZA,1728658816
241,cidreira,-30.1811,-50.2056,19.92,95,100,2.03,BR,1728658817
242,lagoa,39.05,-27.9833,18.28,61,45,9.94,PT,1728658818
243,bereket,39.2446,55.5154,20.11,33,86,2.86,TM,1728658819
244,karratha,-20.7377,116.8463,26.64,65,18,3.42,AU,1728658820
245,tyukhtet,56.5389,89.3011,-3.44,61,94,3.79,RU,1728658821
246,moose jaw,50.4001,-105.5344,-0.85,86,40,1.54,CA,1728658674
247,macusani,-14.0833,-70.4333,11.21,30,15,3.15,PE,1728658823
248,sao jose da coroa grande,-8.8978,-35.1478,27.92,61,100,6.18,BR,1728658825
249,mudanya,40.3753,28.8822,27.2,47,100,1.27,TR,1728658826
250,sabang,5.8933,95.3214,27.72,82,88,8.91,ID,1728658827
251,chhota udepur,22.3167,74.0167,26.17,76,54,1.84,IN,1728658828
252,maldon,51.7311,0.6746,14.19,50,20,3.09,GB,1728658829
253,utrik,11.2278,169.8474,26.92,84,99,8.19,MH,1728658830
254,oruro,-17.9833,-67.15,12.27,38,1,1.03,BO,1728658392
255,malanje,-9.5402,16.341,29.74,32,80,3.32,AO,1728658832
256,deblin,51.5591,21.8483,14.77,65,11,4.46,PL,1728658740
257,acapulco de juarez,16.8634,-99.8901,24.27,81,50,0.95,MX,1728658808
258,tommot,58.9564,126.2925,-0.86,85,100,2.98,RU,1728658836
259,tralee,52.2704,-9.7026,13.14,50,20,1.03,IE,1728658837
260,ipira,-12.1583,-39.7372,32.95,32,99,4.29,BR,1728658838
261,mount gambier,-37.8333,140.7667,6.34,93,2,1.88,AU,1728658839
262,alice springs,-23.7,133.8833,24.75,20,100,4.63,AU,1728658840
263,hotan,37.0997,79.9269,19.37,27,0,3.89,CN,1728658841
264,tulun,54.5611,100.5792,-4.23,71,80,1.87,RU,1728658814
265,atbasar,51.8,68.3333,1.42,76,100,8.65,KZ,1728658844
266,myanaung,18.2833,95.3167,25.74,86,3,1.73,MM,1728658845
267,kutum,14.2,24.6667,30.04,25,94,4.47,SD,1728658846
268,shahrud,36.4182,54.9763,21.38,30,5,3.23,IR,1728658847
269,xinzhi,36.4989,111.7047,18.93,34,95,1.71,CN,1728658848
270,margate,51.3813,1.3862,13.26,62,3,0.8,GB,1728658849
271,ust-nera,64.5667,143.2,-8.66,96,100,2.71,RU,1728658851
272,kolonia,50.9333,6.95,14.13,67,20,2.06,DE,1728658805
273,onguday,50.75,86.15,12.01,49,99,1.52,RU,1728658853
274,aguiar da beira,40.7832,-7.5269,12.41,87,100,2.13,PT,1728658854
275,chapaev,50.2,51.1667,9.87,54,75,5.54,KZ,1728658855
276,youssoufia,32.2463,-8.5294,28.4,48,0,6.12,MA,1728658856
277,kapit,2.0167,112.9333,23.96,99,100,0.3,MY,1728658857
278,atafu village,-8.5421,-172.5159,27.92,77,29,6.63,TK,1728658859
279,kingston,17.997,-76.7936,33.53,55,20,2.06,JM,1728658791
280,live oak,36.9836,-121.9805,14.18,94,0,0.45,US,1728658861
281,whangarei,-35.7317,174.3239,7.72,98,36,1.9,NZ,1728658863
282,kununurra,-15.7667,128.7333,26.99,61,1,2.57,AU,1728658864
283,temryuk,45.2722,37.3811,19.63,67,18,1.36,RU,1728658865
284,tetyushi,54.9382,48.8366,3.69,53,98,7.59,RU,1728658866
285,cockburn town,21.4612,-71.1419,29.63,77,39,6.09,TC,1728658868
286,elverum,60.8819,11.5623,6.37,64,25,2.75,NO,1728658869
287,ghadamis,30.1337,9.5007,39.42,13,19,4.19,LY,1728658870
288,kiskoros,46.6214,19.2853,18.02,57,84,5.12,HU,1728658871
289,tutoia,-2.7619,-42.2744,29.83,56,27,7.15,BR,1728658870
290,glace bay,46.1969,-59.957,12.14,82,75,9.26,CA,1728658873
291,carbonear,47.7332,-53.2148,12.97,68,7,6.77,CA,1728658874
292,acarau,-2.8856,-40.12,31.62,51,27,8.7,BR,1728658875
293,naze,28.3667,129.4833,21.51,73,41,2.64,JP,1728658877
294,khandyga,62.6667,135.6,1.06,87,100,1.64,RU,1728658878
295,constantia,44.1833,28.65,24.38,81,92,6.04,RO,1728658879
296,vilyuchinsk,52.9306,158.4028,5.15,79,100,7.04,RU,1728658880
297,ghat,24.9647,10.1728,37.5,11,20,2.53,LY,1728658881
298,adrar,20.5022,-10.0711,39.33,14,2,6.33,MR,1728658882
299,pisco,-13.7,-76.2167,17.79,88,100,2.06,PE,1728658883
300,island harbour,50.724,-1.2758,13.88,72,81,2.68,GB,1728658884
301,mugia,43.1041,-9.2179,19.39,82,100,11.32,ES,1728658885
302,murun-kuren,49.6342,100.1625,8.33,48,11,1.23,MN,1728658887
303,petropavlovsk-kamchatsky,53.0452,158.6483,4.33,65,75,4.0,RU,1728658889
304,saudarkrokur,65.7461,-19.6394,0.49,66,100,5.34,IS,1728658890
305,mendi,-6.1761,143.6513,12.97,98,67,1.21,PG,1728658892
306,labrador city,52.9463,-66.9114,2.95,81,100,7.72,CA,1728658894
307,old town,50.087,14.4202,9.98,86,100,3.09,CZ,1728658895
308,hobyo,5.3505,48.5268,26.55,78,96,8.66,SO,1728658896
309,argo,37.6333,22.7333,30.93,34,18,1.96,GR,1728658898
310,whakatane,-37.9585,176.9854,8.62,97,64,3.29,NZ,1728658899
311,tual,-5.6667,132.75,28.06,81,100,7.6,ID,1728658900
312,arkhangel'sk,64.5401,40.5433,3.06,100,75,7.0,RU,1728658637
313,sao desiderio,-12.3633,-44.9733,37.04,24,33,3.15,BR,1728658902
314,wailua homesteads,22.0669,-159.378,23.44,95,75,2.06,US,1728658903
315,la passe,45.5549,-0.8967,18.27,62,89,4.49,FR,1728658904
316,nemuro,43.3236,145.575,9.8,75,37,4.89,JP,1728658905
317,tazacorte,28.629,-17.9293,24.54,87,40,4.02,ES,1728658907
318,hirekerur,14.4667,75.3833,21.78,94,95,3.45,IN,1728658908
319,nguigmi,14.2495,13.1092,35.67,21,40,4.14,NE,1728658910
320,lospalos,-8.5186,127.0025,21.49,96,68,2.19,TL,1728658911
321,dawei,14.0833,98.2,26.01,89,92,1.53,MM,1728658912
322,sevilla,37.3824,-5.9761,21.88,86,75,4.63,ES,1728658873
323,sur,22.5667,59.5289,28.93,61,5,0.11,OM,1728658914
324,lata,40.1629,-8.3327,19.72,47,100,3.31,PT,1728658916
325,freetown,8.484,-13.2299,22.95,92,100,3.06,SL,1728658917
326,benjamin aceval,-24.9667,-57.5667,21.22,68,83,2.98,PY,1728658918
327,quepos,9.4236,-84.1652,26.97,81,59,0.95,CR,1728658919
328,brush,40.2589,-103.6238,12.57,47,0,6.69,US,1728658920
329,urzhar,47.093,81.6294,15.8,52,100,7.07,KZ,1728658922
330,inhambane,-23.865,35.3833,26.99,69,0,5.36,MZ,1728658923
331,banfora,10.6333,-4.7667,31.51,56,100,1.48,BF,1728658924
332,san miguel,13.4833,-88.1833,27.09,73,85,1.53,SV,1728658818
333,xai-xai,-25.0519,33.6442,24.56,62,2,6.11,MZ,1728658926
334,morehead city,34.7229,-76.726,18.92,67,0,4.63,US,1728658928
335,salalah,17.0151,54.0924,26.96,62,4,0.28,OM,1728658929
336,akureyri,65.6835,-18.0878,-1.04,69,20,4.63,IS,1728658786
337,hastings,50.8552,0.5729,13.32,15,9,2.02,GB,1728658688
338,bijie,27.3125,105.2942,12.35,99,100,2.31,CN,1728658933
339,boende,-0.2167,20.8667,23.62,91,99,2.1,CD,1728658934
340,mwinilunga,-11.7358,24.4293,30.4,10,0,4.0,ZM,1728658935
341,lazaro cardenas,17.9583,-102.2,26.34,81,0,1.1,MX,1728658936
342,marshall,34.3834,-86.3333,20.25,65,0,2.57,US,1728658927
343,mersa matruh,31.3525,27.2453,30.11,51,0,4.63,EG,1728658902
344,harstad,68.799,16.5293,5.09,91,100,6.26,NO,1728658940
345,mount pearl,47.5166,-52.7813,12.4,76,40,5.66,CA,1728658941
346,greenville,35.6127,-77.3663,17.86,69,0,1.54,US,1728658942
347,didymoteicho,41.3481,26.4961,26.07,58,96,6.56,GR,1728658943
348,punta del este,-34.9667,-54.95,19.06,98,100,7.72,UY,1728658944
349,chiang mai,18.75,99.0,27.04,78,20,1.03,TH,1728658761
350,parkent,41.2944,69.6764,16.73,61,84,1.61,UZ,1728658947
351,mitu,1.1983,-70.1733,30.05,62,100,1.55,CO,1728658948
352,talakan,50.3167,130.3667,5.26,90,100,1.73,RU,1728658949
353,sinop,41.7711,34.8709,16.91,76,6,1.36,TR,1728658950
354,walvis bay,-22.9575,14.5053,23.53,49,0,6.17,NA,1728658951
355,kerikeri,-35.2268,173.9474,9.39,90,10,1.79,NZ,1728658952
356,kurikka,62.6167,22.4167,6.42,86,100,2.19,FI,1728658953
357,bardai,11.65,7.2333,33.03,34,6,3.33,NG,1728658954
358,kosh-agach,50.0,88.6667,6.69,50,100,0.19,RU,1728658956
359,porto novo,6.4965,2.6036,29.36,64,61,5.09,BJ,1728658957
360,hakui,36.8833,136.7833,15.14,88,0,1.63,JP,1728658958
361,suva,-18.1416,178.4415,21.71,100,75,1.03,FJ,1728658891
362,london,51.5085,-0.1257,13.88,55,4,3.6,GB,1728658094
363,port saint john's,-31.6229,29.5448,20.87,76,53,2.73,ZA,1728658962
364,ilebo,-4.3167,20.5833,26.87,67,99,2.45,CD,1728658963
365,concepcion del bermejo,-26.5993,-60.9462,25.92,42,0,2.08,AR,1728658965
366,kismayo,-0.3582,42.5454,25.58,84,14,7.38,SO,1728658967
367,tongliao,43.6125,122.2653,9.46,32,0,3.58,CN,1728658968
368,severo-yeniseyskiy,60.3725,93.0408,-9.45,98,100,0.56,RU,1728658969
369,sao joao da barra,-21.6403,-41.0511,23.05,87,99,9.33,BR,1728658915
370,novodvinsk,64.4165,40.8122,2.86,86,100,7.46,RU,1728658971
371,plettenberg bay,-34.0527,23.3716,17.88,69,96,1.87,ZA,1728658972
372,mildura,-34.2,142.15,12.26,63,72,4.94,AU,1728658973
373,kidal,18.4411,1.4078,40.06,9,15,4.25,ML,1728658975
374,nasielsk,52.5889,20.8055,12.96,54,20,5.66,PL,1728658976
375,terme,41.2092,36.9739,20.06,89,28,2.37,TR,1728658977
376,ararat,39.8317,44.7049,22.2,27,100,1.22,AM,1728658978
377,polyarnyy,69.1989,33.4478,7.52,82,100,10.48,RU,1728658979
378,khovd,48.0056,91.6419,10.36,36,57,1.15,MN,1728658981
379,tucurui,-3.7661,-49.6725,38.01,30,57,1.99,BR,1728658904
380,anamur,36.0751,32.8369,23.97,79,26,4.0,TR,1728658829
381,baotou,40.6522,109.8222,14.96,35,0,3.39,CN,1728658984
382,lower sackville,44.7733,-63.6885,11.43,72,75,7.72,CA,1728658985
383,sarykemer,43.0,71.5,13.71,77,100,1.36,KZ,1728658986
384,chaykovskiy,56.7686,54.1148,-0.3,54,23,3.41,RU,1728658987
385,bandar lampung,-5.4254,105.258,24.5,90,96,0.25,ID,1728658989
386,taltal,-25.4,-70.4833,19.97,60,2,3.27,CL,1728658821
387,bodo,67.28,14.405,4.32,84,75,6.69,NO,1728658847
388,kokoda,-8.8785,147.7407,23.46,97,95,0.52,PG,1728658992
389,bismarck,46.8083,-100.7837,8.78,81,0,3.09,US,1728658259
390,awjilah,29.1081,21.2869,38.2,11,0,4.99,LY,1728658994
391,ad dilam,23.9915,47.1627,33.72,15,0,4.01,SA,1728658995
392,new norfolk,-42.7826,147.0587,8.84,78,47,1.92,AU,1728658786
393,maqat,47.65,53.3167,12.18,50,4,4.42,KZ,1728658998
394,kruisfontein,-34.0033,24.7314,19.48,54,100,4.0,ZA,1728658999
395,pekanbaru,0.5333,101.45,24.18,94,40,3.6,ID,1728659000
396,khamis mushait,18.3064,42.7292,26.58,11,40,5.14,SA,1728659001
397,konstantinovka,49.6167,127.9833,4.18,71,6,3.27,RU,1728659002
398,ringas,27.35,75.5667,27.43,22,56,1.46,IN,1728659003
399,puerto aysen,-45.4,-72.7,8.1,84,100,3.04,CL,1728659004
400,clearwater,27.9659,-82.8001,25.99,73,62,3.58,US,1728659005
401,aromashevo,56.8602,68.6375,-1.01,64,100,7.75,RU,1728659006
402,moires,35.0532,24.8744,27.34,79,22,0.89,GR,1728659007
403,san rafael,-34.6177,-68.3301,18.87,39,35,5.14,AR,1728659009
404,oranjemund,-28.55,16.4333,17.85,62,4,5.71,NA,1728659010
405,lluta,-16.0147,-72.0142,16.11,11,19,4.8,PE,1728659011
406,betio village,1.358,172.9211,27.02,68,60,5.22,KI,1728659012
407,griffith,41.5284,-87.4237,19.92,57,0,2.57,US,1728658878
408,defuniak springs,30.721,-86.1152,21.29,49,0,3.6,US,1728658956
409,archangelos,36.2149,28.1149,24.06,62,69,1.28,GR,1728659015
410,tselinnoye,53.0833,85.6667,3.92,61,100,4.72,RU,1728659016
411,hasanpur,28.7167,78.2833,25.31,43,70,1.12,IN,1728659017
412,les sables-d'olonne,46.6667,-1.8333,15.67,63,100,3.72,FR,1728659019
413,two rivers,44.1539,-87.5693,21.1,53,0,6.17,US,1728659020
414,hirara,24.8,125.2833,25.15,78,100,4.12,JP,1728659021
415,zhanaozen,43.3,52.8,15.77,51,99,3.21,KZ,1728659022
416,anajatuba,-3.2644,-44.6197,34.19,41,66,4.12,BR,1728659023
417,christchurch,-43.5333,172.6333,6.9,83,51,0.51,NZ,1728658701
418,northport,33.229,-87.5772,19.94,59,0,2.06,US,1728659025
419,iranshahr,27.2025,60.6848,33.19,14,0,2.06,IR,1728659026
420,mizan teferi,6.9833,35.5833,17.86,96,79,0.43,ET,1728659027
421,praia da vitoria,38.7333,-27.0667,21.14,49,20,9.82,PT,1728659029
422,lake carmel,41.4615,-73.671,13.7,65,0,0.89,US,1728659030
423,calp,38.6447,0.0445,24.04,68,92,3.58,ES,1728658897
424,nadym,65.5333,72.5167,-1.27,82,100,4.06,RU,1728659032
425,kharp,66.8014,65.8081,-8.19,87,17,1.82,RU,1728659033
426,valence,39.4697,-0.3774,25.04,53,20,3.6,ES,1728659034
427,makar'yev,57.8797,43.8069,3.25,67,100,4.87,RU,1728659035
428,trairi,-3.2778,-39.2689,30.78,50,59,8.15,BR,1728658871
429,vila velha,-20.3297,-40.2925,22.97,99,100,5.14,BR,1728658371
430,shimanovsk,52.0,127.7,2.91,88,46,3.26,RU,1728659037
431,port-vila,-17.7338,168.3219,22.95,79,51,5.21,VU,1728659040
432,palu,-0.8917,119.8707,24.48,99,98,1.2,ID,1728659041
433,hantsavichy,52.758,26.43,12.42,92,100,4.74,BY,1728659042
434,coronel suarez,-37.4547,-61.9334,21.64,33,7,6.89,AR,1728659043
435,ostersund,63.1792,14.6357,4.25,59,20,3.6,SE,1728658819
436,cova figueira,14.8905,-24.2934,22.28,80,81,6.36,CV,1728659046
437,holly springs,35.6513,-78.8336,18.11,59,0,2.24,US,1728659038
438,kristiansund,63.1115,7.732,3.96,93,75,6.69,NO,1728659049
439,dombarovskiy,50.7587,59.5386,-0.26,88,100,7.4,RU,1728659050
440,olinda,-8.0089,-34.8553,29.85,62,40,5.14,BR,1728658909
441,ulanhot,46.0833,122.0833,5.13,40,0,3.22,CN,1728659052
442,kavieng,-2.5744,150.7967,28.14,75,16,6.0,PG,1728659053
443,shimoda,34.6667,138.95,19.56,76,100,3.34,JP,1728659054
444,faro,37.0194,-7.9322,20.88,88,75,6.17,PT,1728658807
445,likasi,-10.9814,26.7333,30.23,15,6,1.82,CD,1728659056
446,saida,34.8303,0.1517,24.57,44,65,6.91,DZ,1728659057
447,hargeysa,9.56,44.065,22.02,66,61,4.87,SO,1728659059
448,canico,32.6333,-16.85,28.35,72,20,10.8,PT,1728659060
449,ataq,14.5377,46.8319,27.77,38,82,4.37,YE,1728659061
450,taulaga,-11.0553,-171.0883,27.2,80,56,7.91,AS,1728659062
451,colonia,50.9333,6.95,14.13,67,20,2.06,DE,1728658803
452,ascension,30.2169,-90.9001,25.04,62,0,2.06,US,1728659064
453,novyye burasy,52.1324,46.0714,5.58,59,39,3.62,RU,1728659065
454,minas de marcona,-15.2119,-75.1103,17.22,59,78,7.03,PE,1728659067
455,matoury,4.8483,-52.3317,33.98,59,20,6.69,GF,1728659069
456,dayton,39.7589,-84.1916,17.12,62,0,5.66,US,1728658991
457,tuquerres,1.0923,-77.6209,12.51,64,81,1.27,CO,1728659072
458,gobabis,-22.45,18.9667,33.34,9,2,6.38,NA,1728659073
459,fisterra,42.9049,-9.2629,18.07,83,100,13.27,ES,1728659074
460,karema,-6.8205,30.4389,23.72,62,99,1.05,TZ,1728659076
461,byron bay,-28.65,153.6167,16.01,85,35,1.86,AU,1728659077
462,show low,34.2542,-110.0298,17.16,29,0,0.0,US,1728659079
463,iskateley,67.6803,53.1512,-0.57,59,100,11.49,RU,1728659080
464,susuman,62.7833,148.1667,-8.53,97,100,1.0,RU,1728659081
465,regina,50.4501,-104.6178,-0.94,90,20,1.54,CA,1728658734
466,kitimat,54.0524,-128.6534,4.95,28,77,2.0,CA,1728659083
467,ibstock,52.6855,-1.3997,12.29,62,20,3.09,GB,1728659084
468,aqadyr,48.2553,72.8483,8.61,78,100,7.54,KZ,1728659085
469,delta,5.5,6.0,28.47,77,67,2.73,NG,1728658826
470,gaiman,-43.2897,-65.4929,13.11,22,78,9.94,AR,1728659088
471,nuuk,64.1835,-51.7216,-1.66,100,40,4.63,GL,1728659089
472,grinnell,41.743,-92.7224,18.99,55,0,4.63,US,1728659090
473,brigantine,39.4101,-74.3646,15.08,64,0,1.34,US,1728658932
474,soio,-6.1349,12.3689,26.94,73,32,5.46,AO,1728659092
475,blythe,33.6103,-114.5964,23.25,20,0,1.54,US,1728659093
476,caxias,38.7031,-9.2767,22.75,79,75,10.29,PT,1728659094
477,conceicao da barra,-18.5933,-39.7322,27.57,72,96,3.04,BR,1728659095
478,andergrove,-21.0833,149.1833,22.1,81,35,6.88,AU,1728659096
479,kabalo,-6.05,26.9167,22.91,82,99,0.8,CD,1728659098
480,gwanda,-20.9333,29.0,30.36,14,0,6.85,ZW,1728659099
481,bamboo flat,11.7,92.7167,27.05,89,40,1.03,IN,1728659100
482,kurchum,48.5722,83.6542,14.72,37,100,2.67,KZ,1728659101
483,villa tecolutilla,18.2833,-93.3167,26.09,72,44,0.97,MX,1728659102
484,tanaina,61.6269,-149.4281,4.35,70,0,4.63,US,1728659103
485,pacific grove,36.6177,-121.9166,12.59,97,100,1.34,US,1728659104
486,mahina,-17.5065,-149.489,23.75,83,75,4.63,PF,1728659106
487,ar rass,25.8694,43.4973,31.23,13,2,4.18,SA,1728659107
488,happy valley-goose bay,53.3168,-60.3315,7.17,87,75,4.12,CA,1728659108
489,dehloran,32.6941,47.2679,30.5,12,0,1.96,IR,1728659109
490,slavgorod,52.9978,78.6449,2.76,41,100,9.58,RU,1728659110
491,ndago,-4.6,34.35,28.1,24,92,3.19,TZ,1728659111
492,dalai,45.5,124.3,8.19,41,0,2.9,CN,1728659112
493,tidjikja,18.5564,-11.4271,39.02,14,90,5.34,MR,1728659113
494,zhangye,38.9342,100.4517,15.52,32,100,2.57,CN,1728659115
495,el granada,37.5027,-122.4694,13.94,92,100,2.57,US,1728659116
496,nema,57.5067,50.5011,-0.36,48,85,3.32,RU,1728659117
497,nikel,69.4128,30.222,7.32,91,100,10.6,RU,1728659118
498,bocas del toro,9.3333,-82.25,26.57,74,100,1.62,PA,1728659118
499,trincomalee,8.5711,81.2335,26.09,82,100,5.06,LK,1728659120
500,parry sound,45.3501,-80.033,14.03,82,95,5.85,CA,1728659121
501,oroqen zizhiqi,50.5667,123.7167,1.38,56,5,2.63,CN,1728659123
502,murghob,38.1702,73.9667,2.86,23,4,7.67,TJ,1728659124
503,quellon,-43.1167,-73.6167,9.11,74,100,4.74,CL,1728658901
504,saint-pierre,-21.3393,55.4781,22.82,60,0,10.8,RE,1728659126
505,kegen,43.0197,79.2203,8.45,63,100,2.03,KZ,1728659127
506,cam ranh,11.9214,109.1591,28.98,79,20,5.14,VN,1728659128
507,bosobolo,4.1833,19.9,29.0,66,60,1.13,CD,1728659129
508,ansalta,42.6894,46.1178,15.08,74,100,0.87,RU,1728659131
509,imperatriz,-5.5264,-47.4917,32.03,48,75,1.54,BR,1728659105
510,kirakira,-10.4544,161.9205,26.0,83,100,1.7,SB,1728659134
511,gargalianoi,37.0667,21.6333,24.21,59,25,1.66,GR,1728659135
512,queenstown,-31.8976,26.8753,31.35,12,24,4.41,ZA,1728659136
513,alvaraes,-3.2208,-64.8042,32.93,32,100,2.15,BR,1728659138
514,zelenchukskaya,43.858,41.5894,13.13,81,100,1.31,RU,1728659139
515,trakai,54.6333,24.9333,11.19,91,100,3.78,LT,1728659141
516,tranby,59.8167,10.25,8.05,71,66,1.92,NO,1728659142
517,lisala,2.15,21.5167,27.44,68,99,0.28,CD,1728659143
518,envira,-7.3,-70.2167,28.74,67,100,0.95,BR,1728659144
519,jutai,-5.1833,-68.9,34.13,48,100,0.89,BR,1728659145
520,cooper's town,26.8667,-77.5167,26.82,72,57,9.87,BS,1728659146
521,okhotsk,59.3833,143.3,5.33,88,100,11.27,RU,1728659017
522,jieshou,33.2634,115.3611,21.63,43,99,2.38,CN,1728658867
523,putian,25.4394,119.0103,16.65,81,1,2.17,CN,1728659149
524,kendari,-3.945,122.4989,24.03,95,100,0.68,ID,1728659150
525,vilyuysk,63.7553,121.6247,-7.77,97,87,1.06,RU,1728659152
526,caleta de carquin,-11.0925,-77.6267,19.22,76,62,3.47,PE,1728659153
527,san fernando de apure,7.8878,-67.4724,31.11,64,84,3.92,VE,1728659154
528,burlington,39.8835,-74.6413,15.59,62,0,3.09,US,1728658872
529,saldanha,-33.0117,17.9442,16.49,76,72,5.78,ZA,1728659156
530,labytnangi,66.6572,66.4183,-7.32,90,47,1.72,RU,1728659157
531,fortaleza,-3.7227,-38.5247,31.07,91,40,11.32,BR,1728658630
532,sangin,32.0728,64.8359,24.85,13,0,3.24,AF,1728659159
533,sonseca,39.6775,-3.9745,18.16,49,95,5.51,ES,1728659161
534,fort st. john,56.2499,-120.8529,1.94,75,20,3.6,CA,1728659003
535,ratnagiri,16.9833,73.3,26.68,87,100,3.42,IN,1728659163
536,port moresby,-9.4431,147.1797,24.54,91,99,2.8,PG,1728659164
537,lorengau,-2.0226,147.2712,27.21,80,36,3.2,PG,1728659165
538,magadan,59.5667,150.8,0.98,84,100,2.22,RU,1728659166
539,sao gabriel da cachoeira,-0.1303,-67.0892,30.89,74,0,2.06,BR,1728659167
540,champerico,14.3,-91.9167,25.91,83,98,1.44,GT,1728659168
541,igarka,67.4667,86.5833,-10.01,90,17,4.9,RU,1728659169
542,alpena,45.0617,-83.4327,17.28,72,0,4.63,US,1728659170
543,newman,37.3138,-121.0208,17.73,34,3,0.34,US,1728659172
544,pokhara,28.2333,83.9833,18.08,88,0,2.3,NP,1728659173
545,great falls,47.5002,-111.3008,7.6,88,0,1.54,US,1728659174
546,churapcha,62.0025,132.4325,0.41,100,100,1.33,RU,1728659175
547,novyy urgal,51.0736,132.5642,3.71,96,100,2.93,RU,1728659176
548,aginskoye,51.1,114.53,-0.09,47,74,2.05,RU,1728659177
549,nagqu,31.5,92.0,3.83,35,100,1.22,CN,1728659178
550,ilek,51.5271,53.3831,4.48,64,91,5.21,RU,1728659179
551,molchanovo,57.5817,83.7692,-4.08,70,47,4.09,RU,1728659181
552,mbuji-mayi,-6.15,23.6,29.26,45,66,4.09,CD,1728659182
553,yigo village,13.5361,144.8886,25.41,93,0,2.06,GU,1728659183
554,baiti,13.745,-14.7482,31.79,60,75,2.07,SN,1728659184
555,greymouth,-42.4667,171.2,6.21,91,95,2.32,NZ,1728659185
556,jieshi,22.8134,115.8257,24.1,76,3,8.39,CN,1728659187
557,nar'yan-mar,67.6713,53.087,-0.59,60,100,11.5,RU,1728659188
558,shubarshi,48.5872,57.1869,6.33,58,5,5.77,KZ,1728659189
559,yinchuan,38.4681,106.2731,17.86,46,99,3.78,CN,1728659123
560,kropachevo,55.0112,57.9896,-3.7,87,83,6.28,RU,1728659191
561,iquique,-20.2208,-70.1431,18.52,67,1,2.07,CL,1728658855
562,alesund,62.4723,6.1549,5.97,78,75,3.6,NO,1728658994
563,yacimiento rio turbio,-51.5732,-72.3508,5.66,57,75,6.69,AR,1728659195
564,guerrero negro,27.9769,-114.0611,20.78,76,0,1.25,MX,1728659196
565,ryotsu-minato,38.0833,138.4333,16.2,75,21,1.48,JP,1728659197
566,vieira de leiria,39.8695,-8.9324,24.06,69,75,8.75,PT,1728659198
567,kargasok,59.0556,80.8572,-3.75,77,13,4.07,RU,1728659199
568,senillosa,-39.0,-68.4167,16.88,34,28,6.02,AR,1728659200
569,crane,31.3974,-102.3501,24.57,29,0,3.9,US,1728659201
570,miles city,46.4083,-105.8406,11.54,62,0,4.63,US,1728659202
571,corigliano calabro,39.595,16.5177,23.04,37,10,5.74,IT,1728659203
